Feature,Coefficient
age,0.3227693306362449
ejection_fraction,-0.09464744369560166
serum_creatinine,0.35530676937600425
serum_sodium,-0.20661254528188328
time,0.04179158980863569
