{
  "weights_input_hidden": [
    [-3.457447593379371, 3.252208987203512, 3.061278093982264, 3.6020296519884],
    [
      0.5496534108487868, -1.2048880231479835, -1.2644062591331873,
      -1.2455507225085174
    ],
    [
      -0.6473844521547818, 0.44476914113940624, 0.6557412358353388,
      0.25190820675673564
    ]
  ],
  "weights_hidden_output": [
    [-11.779927927813288, -11.778020785391602, -11.77639222421996],
    [2.1426240738836233, 1.9837996434985476, 2.2491338101428857],
    [1.94949240889669, 2.08097812016025, 1.9831282222469928],
    [2.538237289931012, 2.5647023706185363, 2.396499777743505]
  ],
  "test_results": [
    [0.0025262561157742215, 0.002524877421481261, 0.002532656082758764],
    [0.9904204910559762, 0.9903964463943296, 0.9903878030054171],
    [0.9986663467265867, 0.998665167242249, 0.998664149216199]
  ],
  "mse": 0.3350654873573204
}
