{
  "weights_input_hidden": [
    [0.44385179627403937, 0.5490938321444679, 0.8733642562619282],
    [0.7353410462855647, 0.23843131826757025, 0.3653570165070412]
  ],
  "weights_hidden_output": [
    [0.11128010796556699],
    [-0.06091685604514412],
    [-0.05036325192042272]
  ],
  "test_results": [[0.5], [0.5], [0.5]],
  "mse": 0.25
}
